symbol,atomic_number,atomic_radius,atomic_volume,boiling_point,density,dipole_polarizability,electron_affinity,valance_main,evaporation_heat,fusion_heat,group_id,lattice_constant,melting_point,period,series_id,specific_heat,thermal_conductivity,vdw_radius,covalent_radius_cordero,covalent_radius_pyykko,en_pauling,en_allen,heat_of_formation,c6,covalent_radius_bragg,covalent_radius_slater,vdw_radius_batsanov,vdw_radius_uff,vdw_radius_mm3,abundance_crust,abundance_sea,en_ghosh,vdw_radius_alvarez,c6_gb,atomic_weight,atomic_weight_uncertainty,atomic_radius_rahm,covalent_radius_pyykko_double,discovery_year,mendeleev_number,dipole_polarizability_unc,pettifor_number,glawe_number,column,atomic_masses,valence_d,valence_s,T_melt,electronegativity,unfilled_f,valence_p,unfilled_d,valence_f,row,unfilled,T_boil,cohesive_energy,covalent_radius,polarizability,electron_binding_energy,ionization_energy,pymg_atomic_radius
H,1,79,14.1,20.28,0.0708,4.50711,0.754195,1,0.904,0.117,1,3.75,14.01,1,1,,0.1815,110,31,32,2.2,13.61,217.998,6.499026705,,25,,288.6,162,1400,108000,0.2638,120,6.51,1.008,,154,,1766,105,3.00E-05,103,103,1,1.008,0,1,14.01,2.2,0,0,0,0,1,1,20.13,,0.31,0.666793,13.6,13.5984,0.25
He,2,,31.8,4.216,0.147,1.38375,-19.7,2,0.08,,18,3.57,0.95,1,2,5.188,0.152,140,28,46,,24.59,,1.42,,,,236.2,153,0.008,7.00E-06,0.442712,143,1.47,4.002602,2.00E-06,134,,1895,112,2.00E-05,1,1,18,4.0026,0,2,,0,0,0,0,0,1,0,4.07,,0.28,0.2050522,24.6,24.5873,
Li,3,155,13.1,1118.15,0.534,164.1125,0.618049,1,148,2.89,1,3.49,553.69,2,3,3.489,84.8,182,128,133,0.98,5.392,159.3,1392,150,145,220,245.1,255,20,0.18,0.105093,212,1410,6.94,,220,124,1817,1,0.0005,12,12,1,6.94,0,1,453.69,0.98,0,0,0,0,2,1,1615,1.63,1.28,24.335,54.7,0.98,1.45
Be,4,112,5,3243,1.848,37.74,-2.4,2,309,12.21,2,2.29,1551,2,4,1.824,201,153,96,102,1.57,9.323,324,227,115,105,190,274.5,223,2.8,5.60E-06,0.144986,198,214,9.0121831,5.00E-07,219,90,1798,75,0.03,77,77,2,9.01218,0,2,1560,1.57,0,0,0,0,2,0,2743,3.32,0.96,5.6,111.5,9.3227,1.05
B,5,98,4.6,3931,2.34,20.5,0.279723,3,504.5,23.6,13,8.73,2573,2,5,1.025,27.4,192,84,85,2.04,12.13,565,99.5,,85,180,408.3,215,10,4.44,0.184886,191,99.2,10.81,,205,78,1808,81,0.1,86,86,13,10.81,0,2,2348,2.04,0,1,0,0,2,5,4273,5.81,0.84,3.03,188,8.298,0.85
C,6,91,5.3,5100,2.25,11.3,1.262119,4,,,14,3.57,3820,2,1,0.711,1.59,170,73,75,2.55,15.05,716.87,46.6,77,70,170,385.1,204,200,28,0.224776,177,47.9,12.011,,190,67,,87,0.2,95,87,14,12.011,0,2,3823,2.55,0,2,0,0,2,4,4300,7.37,0.76,1.67,284.2,11.2603,0.7
N,7,92,17.3,77.4,0.808,7.4,-1.4,5,,,15,4.039,63.29,2,1,,0.026,155,71,71,3.04,18.13,472.44,24.2,65,65,160,366,193,19,0.5,0.26493,166,25.7,14.007,,179,60,1772,93,0.2,100,88,15,14.007,0,2,63.05,3.04,0,3,0,0,2,3,77.21,4.92,0.71,1.1,37.3,14.5341,0.65
O,8,,14,90.19,1.149,5.3,1.4611135,6,,,16,6.83,54.8,2,1,,0.027,152,66,63,3.44,21.36,249.229,15.6,65,60,155,350,182,461000,857000,0.304575,150,16.7,15.999,,171,57,1774,99,0.2,101,97,16,15.999,0,2,54.8,3.44,0,4,0,0,2,2,90.1,2.6,0.66,0.802,41.6,13.618,0.6
F,9,,17.1,85.01,1.108,3.74,3.4011897,7,6.54,0.51,17,,53.53,2,6,,0.028,147,57,64,3.98,24.8,79.335,9.52,67,50,150,336.4,171,585,1.3,0.344443,146,10.2,18.99840316,6.00E-09,163,59,1886,106,0.08,102,102,17,18.9984,0,2,53.5,3.98,0,5,0,0,2,1,84.88,0.84,0.57,0.557,696.7,8.5,0.5
Ne,10,,16.8,27.1,1.204,2.6611,,8,1.74,,18,4.43,48,2,2,1.029,,154,58,67,,28.31,,6.2,,,,324.3,160,0.005,0.00012,0.38439,158,6.91,20.1797,0.0006,156,96,1898,113,3.00E-05,2,2,18,20.1797,0,2,24.56,0,0,6,0,0,2,0,26.92,0.02,0.58,0.39432,21.6,21.5645,
Na,11,190,23.7,1156.1,0.971,162.7,0.547926,1,97.9,2.64,1,4.23,370.96,3,3,1.222,142,227,166,155,0.93,5.14,107.5,1518,177,180,240,298.3,270,23600,10800,0.093214,250,1570,22.98976928,2.00E-08,225,160,1807,2,0.5,11,11,1,22.98977,0,1,370.87,0.93,0,0,0,0,3,1,1156,1.11,1.66,24.11,30.8,0.93,1.8
Mg,12,160,14,1363,1.738,71.2,,2,131.8,9.2,2,3.21,922,3,4,1.025,156,173,141,139,1.31,7.646,147.1,626,142,150,220,302.1,243,23300,1290,0.121644,251,629,24.305,,240,132,1808,76,0.4,73,73,2,24.305,0,2,923,1.31,0,0,0,0,3,0,1363,1.51,1.41,10.76666667,49.5,7.6462,1.5
Al,13,143,10,2740,2.6989,57.8,0.43283,3,284.1,10.75,13,4.05,933.5,3,7,0.9,237,184,121,126,1.61,9.539,330.9,528,135,125,210,449.9,236,82300,0.002,0.150078,225,520,26.9815385,7.00E-07,239,113,1825,82,1,80,78,13,26.98154,0,2,933.47,1.61,0,1,0,0,3,5,2792,3.39,1.21,6.8,72.5,5.9857,1.25
Si,14,132,12.1,2628,2.33,37.3,1.3895211,4,383,50.6,14,5.43,1683,3,5,0.703,149,210,111,116,1.9,11.33,450,305,117,110,210,429.5,229,282000,2.2,0.178503,219,308,28.085,,232,107,1824,88,0.7,85,85,14,28.085,0,2,1687,1.9,0,2,0,0,3,4,3173,4.63,1.11,5.53,99.4,1.9,1.1
P,15,128,17,553,1.82,25,0.746607,5,49.8,2.51,15,7.17,317.3,3,1,0.757,,180,107,111,2.19,13.33,316.5,185,,100,195,414.7,222,1050,0.06,0.206931,190,187,30.973762,5.00E-09,223,102,1669,94,1,90,89,15,30.97376,0,2,317.3,2.19,0,3,0,0,3,3,553.5,3.43,1.07,3.63,135,10.4866,1
S,16,127,15.5,717.824,2.07,19.4,2.07710403,6,10.5,1.23,16,10.47,386,3,1,0.732,0.27,180,105,103,2.58,15.31,277.17,134,102,100,180,403.5,215,350,905,0.23596,189,140,32.06,,214,94,,100,0.1,94,96,16,32.06,0,2,388.36,2.58,0,4,0,0,3,2,717.72,2.85,1.05,2.9,162.5,2.58,1
Cl,17,,18.7,238.6,1.56,14.6,3.612725,7,20.41,6.41,17,6.24,172.2,3,6,,0.009,175,102,99,3.16,16.97,121.302,94.6,105,100,180,394.7,207,145,19400,0.263803,182,97.1,35.45,,206,95,1774,107,0.1,99,101,17,35.45,0,2,171.6,3.16,0,5,0,0,3,1,238.96,1.4,1.02,2.18,200,12.9676,1
Ar,18,,24.2,87.3,1.4,11.083,-11.5,8,6.52,,18,5.26,83.8,3,2,0.138,0.0177,188,106,96,,19.17,,64.2,,,,386.8,199,3.5,0.45,0.2922,194,67.4,39.948,0.001,197,107,1894,114,0.007,3,3,18,39.948,0,2,83.8,0,0,6,0,0,3,0,87.2,0.08,1.06,1.6411,15.7,15.759,0.71
K,19,235,45.3,1047,0.856,289.7,0.50147,1,2.33,102.5,1,5.23,336.8,4,3,0.753,79,275,203,196,0.82,4.34,89,3923,207,220,280,381.2,309,20900,399,0.0981896,273,3910,39.0983,0.0001,234,193,1807,3,0.3,10,10,1,39.0983,0,1,336.53,0.82,0,0,0,0,4,1,1032,0.93,2.03,43.23,18.3,4.3406,2.2
Ca,20,197,29.9,1757,1.55,160.8,0.02455,2,153.6,9.2,2,5.58,1112,4,4,0.653,,231,176,171,1,6.113,177.8,2163,170,180,240,339.9,281,41500,412,0.1154119,262,2230,40.078,0.004,270,147,1808,7,4,16,16,2,40.078,0,2,1115,1,0,0,0,0,4,0,1757,1.842,1.76,25.73333333,25.4,6.1131,1.8
Sc,21,162,15,3104,2.99,97,0.188,2,332.7,15.8,3,3.31,1814,4,8,0.556,15.8,215,170,148,1.36,7.042,377.8,1383,,160,230,329.5,261,22,6.00E-07,0.1193833,258,1570,44.955908,5.00E-06,263,116,1879,11,10,20,48,3,44.95591,1,2,1814,1.36,0,0,9,0,4,9,3103,3.9,1.7,17.8,28.3,1.36,1.6
Ti,22,147,10.6,3560,4.54,100,0.079,2,422.6,18.8,4,2.95,1933,4,8,0.523,21.9,211,160,136,1.54,8.17,473,1044,140,140,215,317.5,239,5650,0.001,0.1233637,246,1200,47.867,0.001,257,117,1791,43,10,51,51,4,47.867,2,2,1941,1.54,0,0,8,0,4,8,3560,4.85,1.6,14.6,32.6,1.54,1.4
V,23,134,8.35,3650,6.11,87,0.525,2,460,17.5,5,3.02,2160,4,8,0.485,30.7,207,153,134,1.63,9.063,515.5,832,,135,205,314.4,229,120,0.0025,0.1273344,242,955,50.9415,0.0001,252,112,1830,47,10,54,54,5,50.9415,3,2,2183,1.63,0,0,7,0,4,7,3680,5.31,1.53,12.4,37.2,1.63,1.35
Cr,24,130,7.23,2945,7.18,83,0.666,1,342,21,6,2.88,2130,4,8,0.488,93.9,206,139,122,1.66,9.77,397.48,602,140,140,205,302.3,225,102,0.0003,0.1313053,245,709,51.9961,0.0006,233,111,1797,51,12,57,55,6,51.9961,5,1,2180,1.66,0,0,5,0,4,6,2944,4.1,1.39,11.6,42.2,6.7665,1.4
Mn,25,135,7.39,2235,7.21,68,,2,221,13.4,7,8.89,1517,4,8,0.477,,205,150,119,1.55,10.34,283.3,552,147,140,205,296.1,224,950,0.0002,0.1352844,245,635,54.938044,3.00E-06,242,105,1774,55,9,60,72,7,54.93804,5,2,1519,1.55,0,0,5,0,4,5,2334,2.98,1.39,9.4,47.2,7.434,1.4
Fe,26,126,7.1,3023,7.874,62,0.151,2,340,13.8,8,2.87,1808,4,8,0.443,80.4,204,142,116,1.83,10.64,415.5,482,140,140,205,291.2,223,56300,0.002,0.1392532,244,548,55.845,0.002,226,109,,59,4,61,71,8,55.845,6,2,1811,1.83,0,0,4,0,4,4,3134,4.28,1.32,8.4,52.7,7.9024,1.4
Co,27,125,6.7,3143,8.9,55,0.66225646,2,389.1,15.48,9,2.51,1768,4,8,0.456,100,200,138,111,1.88,10.86,426.7,408,137,135,200,287.2,223,25,2.00E-05,0.1432363,240,461,58.933194,4.00E-06,222,103,1739,63,4,64,70,9,58.93319,7,2,1768,1.88,0,0,3,0,4,3,3200,4.39,1.26,7.5,58.9,7.881,1.35
Ni,28,124,6.6,3005,8.902,49,1.156,2,378.6,17.61,10,3.52,1726,4,8,0.443,90.9,197,124,110,1.91,11.13,430.1,373,135,135,200,283.4,222,84,0.00056,0.1472068,240,393,58.6934,0.0004,219,101,1751,67,3,67,69,10,58.6934,8,2,1728,1.91,0,0,2,0,4,2,3186,4.44,1.24,6.8,66.2,7.6398,1.35
Cu,29,128,7.1,2840,8.96,46.5,1.235,1,304.6,13.01,11,3.61,1356.6,4,8,0.385,401,196,132,112,1.9,10.96,337.4,253,137,135,200,349.5,226,60,0.00025,0.1511716,238,264,63.546,0.003,217,115,,71,0.5,72,68,11,63.546,10,1,1357.77,1.9,0,0,0,0,4,1,3200,3.49,1.32,6.15,75.1,7.7263,1.35
Zn,30,138,9.2,1180,7.133,38.67,,2,114.8,7.28,12,2.66,692.73,4,8,0.388,116,201,122,118,1.65,9.395,130.4,284,132,135,210,276.3,229,70,0.0049,0.1551518,239,276,65.38,0.02,222,120,,77,0.3,76,74,12,65.38,10,2,692.68,1.65,0,0,0,0,4,0,1180,1.35,1.22,5.816666667,10.1,1.65,1.35
Ga,31,141,11.8,2676,5.91,50,0.43,3,270.3,5.59,13,4.51,302.93,4,7,0.372,28.1,187,122,124,1.81,10.39,271.96,498,,130,210,438.3,246,19,3.00E-05,0.1723773,232,456,69.723,0.001,233,117,1875,83,3,81,79,13,69.723,10,2,302.91,1.81,0,1,0,0,4,5,2477,2.81,1.22,8.12,18.7,5.9993,1.3
Ge,32,137,13.6,3103,5.323,40,1.232712,4,328,36.8,14,5.66,1210.6,4,5,0.322,60.2,211,120,121,2.01,11.8,372,354,,125,210,428,244,1.5,5.00E-05,0.1895892,229,365,72.63,0.008,234,111,1886,89,1,84,84,14,72.63,10,2,1211.4,2.01,0,2,0,0,4,4,3093,3.85,1.2,5.84,29.2,7.8994,1.25
As,33,139,13.1,876,5.73,30,0.804,5,32.4,,15,4.13,1090,4,5,0.328,,185,119,121,2.18,13.08,302.5,246,126,115,205,423,236,1.8,0.0037,0.2068208,188,260,74.921595,6.00E-06,231,114,,95,1,89,90,15,74.92159,10,2,1090,2.18,0,3,0,0,4,3,887,2.96,1.19,4.31,41.7,9.7886,1.15
Se,34,140,16.5,958.1,4.79,28.9,2.02067,6,59.7,5.23,16,4.36,490,4,1,,0.52,190,120,116,2.55,14.34,227.2,210,117,115,190,420.5,229,0.05,0.0002,0.2240328,182,233,78.971,0.008,224,107,1818,101,1,93,95,16,78.971,10,2,494,2.55,0,4,0,0,4,2,958,2.46,1.2,3.77,54.6,2.55,1.15
Br,35,,23.5,331.9,3.12,21,3.3635882,7,29.56,10.57,17,6.67,265.9,4,6,,0.005,185,120,114,2.96,15.88,111.85,162,119,115,190,418.9,222,2.4,67.3,0.2412578,186,187,79.904,,219,109,1826,108,1,98,100,17,79.904,10,2,265.8,2.96,0,5,0,0,4,1,332,1.22,1.2,3.05,69,11.8138,1.15
Kr,36,,32.2,120.85,2.155,16.78,,8,9.05,,18,5.72,116.6,4,2,0.247,0.0095,202,116,117,,17.54,,130,,,,414.1,215,0.0001,0.00021,0.2584813,207,136,83.798,0.002,212,121,1898,115,0.02,4,4,18,83.798,10,2,115.79,0,0,6,0,0,4,0,119.78,0.116,1.16,2.4844,14.1,13.9996,
Rb,37,248,55.9,961,1.532,319.8,0.48592,1,75.8,2.2,1,5.59,312.2,5,3,0.36,58.2,303,220,210,0.82,4.177,80.9,4769,225,235,290,411.4,325,90,0.12,0.104686,321,4660,85.4678,0.0003,240,202,1861,4,0.3,9,9,1,85.4678,0,1,312.46,0.82,0,0,0,0,5,1,961,0.852,2.2,47.27,15.3,0.82,2.35
Sr,38,215,33.7,1657,2.54,197.2,0.048,2,144,9.2,2,6.08,1042,5,4,0.301,,249,195,185,0.95,5.695,164,3175,195,200,255,364.1,300,370,7.9,0.1185082,284,3230,87.62,0.01,279,157,1790,8,0.2,15,15,2,87.62,0,2,1050,0.95,0,0,0,0,5,0,1655,1.72,1.95,25.55,20.1,0.95,2
Y,39,178,19.8,3611,4.47,162,0.307,2,367,11.5,3,3.65,1795,5,8,0.284,,232,190,163,1.22,6.631,424.7,,,180,240,334.5,271,33,1.30E-05,0.1216986,275,2600,88.90584,2.00E-05,274,130,1789,12,12,19,21,3,88.90584,1,2,1799,1.22,0,0,9,0,5,9,3618,4.37,1.9,22.7,23.1,1.22,1.8
Zr,40,160,14.1,4650,6.506,112,0.426,2,567,19.2,4,3.23,2125,5,8,0.281,22.7,223,175,154,1.33,7.808,610,,,155,230,312.4,254,165,3.00E-05,0.1248887,252,1360,91.224,0.002,268,127,1789,44,13,49,49,4,91.224,2,2,2128,1.33,0,0,8,0,5,8,4682,6.25,1.75,17.9,27.1,1.33,1.55
Nb,41,146,10.8,5015,8.57,98,0.917406,1,680,26.8,5,3.3,2741,5,8,0.268,53.7,218,164,147,1.6,8.34,733,,,145,215,316.5,243,20,1.00E-05,0.1280782,256,1140,92.90637,2.00E-05,251,125,1801,48,8,52,53,5,92.90637,4,1,2750,1.6,0,0,6,0,5,7,5017,7.57,1.64,15.7,30.8,6.7588,1.45
Mo,42,139,9.4,4885,10.22,87,0.748,1,590,28,6,3.15,2890,5,8,0.251,,217,154,138,2.16,8.71,658.98,,,145,210,305.2,239,1.2,0.01,0.1312672,245,1030,95.95,0.01,244,121,1778,52,6,55,56,6,95.95,5,1,2896,2.16,0,0,5,0,5,6,4912,6.82,1.54,12.8,35.5,7.0924,1.45
Tc,43,136,8.5,5150,11.5,79,0.55,1,585,23.8,7,2.74,2445,5,8,0.243,50.6,216,147,128,2.1,8.94,678,,,135,205,299.8,236,,,0.1344592,244,939,97.90721,3.00E-05,241,120,1937,56,10,58,59,7,97.90721,5,2,2430,1.9,0,0,5,0,5,5,4538,6.85,1.47,11.4,39.9,1.9,1.35
Ru,44,134,8.3,4173,12.41,72,1.05,1,,25.5,8,2.7,2583,5,8,0.238,117,213,146,125,2.2,9.1,650.6,,,130,205,296.3,234,0.001,7.00E-07,0.1376494,246,809,101.07,0.02,237,114,1844,60,10,63,61,8,101.07,7,1,2607,2.2,0,0,3,0,5,4,4423,6.74,1.46,9.6,43.2,2.2,1.3
Rh,45,134,8.3,4000,12.41,66,1.137,1,494,21.8,9,3.8,2239,5,8,0.244,150,210,142,125,2.28,9.259,556,,,135,200,292.9,234,0.001,,0.1408379,244,708,102.9055,2.00E-05,233,110,1803,64,10,66,63,9,102.9055,8,1,2237,2.28,0,0,2,0,5,3,3968,5.75,1.42,8.6,47.3,7.4589,1.35
Pd,46,137,8.9,3413,12.02,26.14,0.562,1,372.4,17.24,10,3.89,1825,5,8,0.244,71.8,210,139,120,2.2,9.402,376.6,,,140,205,289.9,237,0.015,,0.1440276,215,628,106.42,0.01,215,117,1803,68,0.1,69,65,10,106.42,10,0,1828.05,2.2,0,0,0,0,5,0,3236,3.89,1.39,4.8,50.9,8.3369,1.4
Ag,47,144,10.3,2485,10.5,55,1.302,1,254.1,11.95,11,4.09,1235.1,5,8,0.237,429,211,145,128,1.93,11.05,284.9,,177,160,210,314.8,243,0.075,4.00E-05,0.1472165,253,341,107.8682,0.0002,225,139,,72,8,71,67,11,107.8682,10,1,1234.93,1.93,0,0,0,0,5,1,2435,2.95,1.45,6.99,58.3,1.93,1.6
Cd,48,154,13.1,1038,8.65,46,,2,59.1,6.11,12,2.98,594.1,5,8,0.232,96.9,218,144,136,1.69,8.995,111.8,,160,155,220,284.8,250,0.15,0.00011,0.1504066,249,405,112.414,0.004,238,144,1817,78,2,75,75,12,112.414,10,2,594.22,1.69,0,0,0,0,5,0,1040,1.16,1.44,7.32,10.7,8.9938,1.55
In,49,166,15.7,2353,7.31,65,0.3,3,225.1,3.24,13,4.59,429.32,5,7,0.234,81.8,193,142,142,1.78,9.793,243,779,,155,220,446.3,264,0.25,0.02,0.16423,243,643,114.818,0.001,246,136,1863,84,4,79,80,13,114.818,10,2,429.75,1.78,0,1,0,0,5,5,2345,2.52,1.42,9.65,16.9,5.7863,1.55
Sn,50,162,16.3,2543,7.31,53,1.112067,4,296,7.07,14,5.82,505.1,5,7,0.222,66.8,217,139,140,1.96,10.79,301.2,659,140,145,225,439.2,259,2.3,4.00E-06,0.178052,242,715,118.71,0.007,248,130,,90,6,83,83,14,118.71,10,2,505.08,1.96,0,2,0,0,5,4,2875,3.14,1.39,7.06,23.9,1.96,1.45
Sb,51,159,18.4,1908,6.691,43,1.046,5,195.2,20.08,15,4.51,903.9,5,5,0.205,24.43,206,139,140,2.05,11.74,264.4,492,140,145,220,442,252,0.2,0.00024,0.1918774,247,504,121.76,0.001,246,133,,96,2,88,91,15,121.76,10,2,903.78,2.05,0,3,0,0,5,3,1860,2.75,1.39,6.6,32.1,8.6083,1.45
Te,52,160,20.5,1263,6.24,38,1.970876,6,49.8,17.91,16,4.45,722.7,5,5,0.201,14.3,206,138,136,2.1,12.76,196.6,445,133,140,210,447,244,0.001,,0.2056992,199,471,127.6,0.03,242,128,1782,102,4,92,94,16,127.6,10,2,722.66,2.1,0,4,0,0,5,2,1261,2.19,1.38,5.5,40.4,2.1,1.4
I,53,,25.7,457.5,4.93,32.9,3.0590368,7,41.95,15.52,17,7.72,386.7,5,6,,,198,139,133,2.66,13.95,106.757,385,140,140,210,450,236,0.45,0.06,0.2195176,204,389,126.90447,3.00E-05,238,129,1811,109,1.3,97,99,17,126.90447,10,2,386.85,2.66,0,5,0,0,5,1,457.3,1.11,1.39,5.025,48.9,10.4512,1.4
Xe,54,,42.9,166.1,3.52,27.32,-0.056,8,12.65,,18,6.2,161.3,5,2,0.158,0.0057,216,140,131,2.6,15.27,,,,,,440.4,228,3.00E-05,5.00E-05,0.2333511,228,302,131.293,0.006,232,135,1898,116,0.2,5,5,18,131.293,10,2,161.3,2.6,0,6,0,0,5,0,165,0.16,1.4,4.044,67.5,2.6,
Cs,55,267,70,951.6,1.873,400.9,0.471626,1,68.3,2.09,1,6.05,301.6,6,3,0.241,35.9,343,244,232,0.79,3.898,76.5,,237,260,300,451.7,344,3,0.0003,0.1542125,348,6660,132.905452,6.00E-08,249,209,1860,5,0.7,8,8,1,132.90545,0,1,301.59,0.79,0,0,0,0,6,1,944,0.804,2.44,59.42,12.1,3.8939,2.6
Ba,56,222,39,1910,3.5,272,0.14462,2,142,7.66,2,5.02,1002,6,4,0.192,,268,215,196,0.89,5.211,179.1,,210,215,270,370.3,307,425,0.013,0.1586786,303,5540,137.327,0.007,293,161,1808,9,10,14,14,2,137.327,0,2,1000,0.89,0,0,0,0,6,0,2143,1.9,2.15,39.7,14.8,5.2116,2.15
La,57,187,22.5,3730,6.15,215,0.47,2,402,8.5,3,3.75,1194,6,9,0.197,13.4,243,207,180,1.1,,431,,,195,250,352.2,278,39,3.40E-06,0.163142,298,3730,138.90547,7.00E-05,284,139,1839,13,20,33,32,3,138.90547,1,2,1193,1.1,0,0,9,0,6,9,3737,4.47,2.07,31.1,16.8,5.5769,1.95
Ce,58,181,21,3699,6.757,205,0.65,2,398,5.2,,5.16,1072,6,9,0.205,11.3,242,204,163,1.12,,420.1,,,185,,355.6,274,66.5,1.20E-06,0.16761,288,3480,140.116,0.001,282,137,1803,15,20,32,31,3,140.116,1,2,1071,1.12,13,0,9,1,6,22,3633,4.32,2.04,29.6,0.1,5.5387,1.85
Pr,59,182,20.8,3785,6.773,216,0.962,2,331,11.3,,3.67,1204,6,9,0.192,12.5,240,203,176,1.13,,356.9,,,185,,360.6,273,9.2,6.40E-07,0.17208,292,3760,140.90766,2.00E-05,286,138,1885,17,20,31,30,3,140.90766,0,2,1204,1.13,11,0,0,3,6,11,3563,3.7,2.03,28.2,2,5.473,1.85
Nd,60,182,20.6,3341,7.007,208,1.916,2,289,7.1,,3.66,1294,6,9,0.205,,239,201,174,1.14,,326.9,,,185,,357.5,273,41.5,2.80E-06,0.176539,295,3560,144.242,0.003,284,137,1925,19,20,30,29,3,144.242,0,2,1294,1.14,10,0,0,4,6,10,3373,3.4,2.01,31.4,1.5,5.525,1.85
Pm,61,,,3000,7.2,200,,2,,,,,1441,6,9,0.185,17.9,238,199,173,,,,,,185,,354.7,272,,,0.1810032,,3340,144.91276,2.00E-05,283,135,1945,21,20,29,28,3,144.91276,0,2,1373,1.13,9,0,0,5,6,9,3273,3.23,1.99,30.1,120,5.582,1.85
Sm,62,181,19.9,2064,7.52,192,,2,165,8.9,,9,1350,6,9,0.18,,236,198,172,1.17,,206.7,,,185,,352,271,7.05,4.50E-07,0.185468,290,3130,150.36,0.02,280,134,1879,23,20,28,27,3,150.36,0,2,1345,1.17,8,0,0,6,6,8,2076,2.14,1.98,28.8,5.2,1.17,1.85
Eu,63,199,28.9,1870,5.243,184,0.864,2,176,,,4.61,1095,6,9,0.176,13.9,235,198,168,,,177.4,,,185,,349.3,294,2,1.30E-07,0.189935,287,2940,151.964,0.001,280,134,1901,25,20,18,17,3,151.964,0,2,1095,1.2,7,0,0,7,6,7,1800,1.86,1.98,27.7,,5.6703,1.85
Gd,64,179,19.9,3539,7.9,158,,2,398,,,3.64,1586,6,9,0.23,,234,196,169,1.2,,397.5,,,180,,336.8,271,6.2,7.00E-07,0.1944,283,2340,157.25,0.03,277,135,1880,27,20,27,26,3,157.25,1,2,1586,1.2,7,0,9,7,6,16,3523,4.14,1.96,23.5,8.6,6.1498,1.8
Tb,65,180,19.2,3296,8.229,170,1.165,2,389,,,3.6,1629,6,9,0.183,11.1,233,194,168,,,388.7,,,175,,345.1,270,1.2,1.40E-07,0.198863,279,2590,158.92535,2.00E-05,276,135,1843,29,20,26,25,3,158.92535,0,2,1629,1.1,5,0,0,9,6,5,3503,4.05,1.94,25.5,2.4,1.1,1.75
Dy,66,180,19,2835,8.55,163,0.352,2,291,,,3.59,1685,6,9,0.173,10.7,231,192,167,1.22,,290.4,,,175,,342.8,290,5.2,9.10E-07,0.20333,287,2430,162.5,0.001,275,133,1886,31,15,25,24,3,162.5,0,2,1685,1.22,4,0,0,10,6,4,2840,3.04,1.92,24.5,4.3,5.9389,1.75
Ho,67,179,18.7,2968,8.795,156,,2,301,,,3.58,1747,6,9,0.164,,230,192,166,1.23,,300.6,,,175,,340.9,267,1.3,2.20E-07,0.207795,281,2280,164.93033,2.00E-05,273,133,1878,33,10,24,23,3,164.93033,0,2,1747,1.23,3,0,0,11,6,3,2973,3.14,1.92,23.6,5.2,6.0215,1.75
Er,68,178,18.4,3136,9.06,150,,2,317,,,3.56,1802,6,9,0.168,,229,189,165,1.24,,316.4,,,175,,339.1,267,3.5,8.70E-07,0.212261,283,2150,167.259,0.003,272,133,1843,35,10,23,22,3,167.259,0,2,1770,1.24,2,0,0,12,6,2,3141,3.29,1.89,22.7,4.7,6.0177,1.75
Tm,69,177,18.1,2220,9.321,144,1.029,2,232,,,3.54,1818,6,9,0.16,,227,190,164,1.25,,232.2,,,175,,337.4,267,0.52,1.70E-07,0.2167244,279,2020,168.93422,2.00E-05,271,131,1879,37,15,22,20,3,168.93422,0,2,1818,1.25,1,0,0,13,6,1,2223,2.42,1.9,21.8,4.6,1.25,1.75
Yb,70,194,24.8,1466,6.9654,139,-0.02,2,159,3.35,,5.49,1097,6,9,0.145,,226,187,170,,,155.6,,,175,,335.5,279,3.2,8.20E-07,0.22119,280,1910,173.045,0.01,277,129,1878,39,6,17,18,3,173.054,0,2,1092,1.1,0,0,0,14,6,0,1469,1.6,1.87,20.9,1.3,1.06,1.75
Lu,71,175,17.8,3668,9.8404,137,0.34,2,414,,,3.51,1936,6,8,0.155,,224,187,162,1,6.455,427.6,,,175,,364,265,0.8,1.50E-07,0.22565,274,2020,174.9668,0.0001,270,131,1907,41,7,21,19,3,174.9668,1,2,1936,1.27,0,0,9,14,6,9,3675,4.43,1.87,21.9,7.5,5.4258,1.75
Hf,72,167,13.6,5470,13.31,103,0.014,2,575,25.1,4,3.2,2503,6,8,0.146,23,223,175,152,1.3,6.83,618.4,,,155,225,314.1,253,3,7.00E-06,0.229987,263,1040,178.49,0.02,264,128,1923,45,6,50,50,4,178.49,2,2,2506,1.3,0,0,8,14,6,8,4876,6.44,1.75,16.2,14.2,6.825,1.55
Ta,73,149,10.9,5698,16.654,74,0.322,2,758,24.7,5,3.31,3269,6,8,0.14,57.5,222,170,146,1.5,7.93,782,,,145,220,317,243,2,2.00E-06,0.234581,253,887,180.94788,2.00E-05,258,126,1802,49,20,53,52,5,180.94788,3,2,3290,1.5,0,0,7,14,6,7,5731,8.1,1.7,13.1,21.6,1.5,1.45
W,74,141,9.53,5930,19.3,68,0.81626,2,824,35,6,3.16,3680,6,8,0.133,173,218,162,137,1.7,8.67,851,,,135,210,309.6,239,1.25,0.0001,0.2390504,257,757,183.84,0.01,253,120,1783,53,15,56,57,6,183.84,4,2,3695,2.36,0,0,6,14,6,6,5828,8.9,1.62,11.1,31.4,2.36,1.35
Re,75,137,8.85,5900,21.02,62,0.15,2,704,34,7,2.76,3453,6,8,0.138,48,216,151,131,1.9,9.46,774,,,135,205,295.4,237,0.0007,4.00E-06,0.2435164,249,663,186.207,0.001,249,119,1925,57,3,59,58,7,186.207,5,2,3459,1.9,0,0,5,14,6,5,5869,8.03,1.51,9.7,34.6,7.8335,1.35
Os,76,135,8.43,5300,22.57,57,1.1,2,738,31.7,8,2.74,3327,6,8,0.131,,216,144,129,2.2,9.78,787,,,130,200,312,235,0.0015,,0.2479845,248,584,190.23,0.03,244,116,1804,61,3,62,60,8,190.23,6,2,3306,2.2,0,0,4,14,6,4,5285,8.17,1.44,8.5,44.5,8.4382,1.3
Ir,77,136,8.54,4403,22.42,54,1.5638,2,604,27.61,9,3.84,2683,6,8,0.133,147,213,141,122,2.2,9.96,669,,,135,200,284,236,0.001,,0.25106,241,522,192.217,0.003,233,115,1804,65,7,65,62,9,192.217,7,2,2739,2.2,0,0,3,14,6,3,4701,6.94,1.41,7.6,48,8.967,1.35
Pt,78,139,9.1,4100,21.45,48,2.128,1,470,21.76,10,3.92,2045,6,8,0.133,71.6,213,136,123,2.2,10.16,565.7,,,135,205,275.4,239,0.005,,0.25691,229,470,195.084,0.009,230,112,1735,69,4,68,64,10,195.084,9,1,2041.4,2.28,0,0,1,14,6,2,4098,5.84,1.36,6.5,51.7,8.9588,1.35
Au,79,146,10.2,3080,19.3,36,2.30863,1,340,12.68,11,4.08,1337.58,6,8,0.129,318,214,136,124,2.4,11.33,368.2,,,135,210,329.3,243,0.004,4.00E-06,0.26137,232,427,196.966569,5.00E-06,226,121,,73,3,70,66,11,196.96657,10,1,1337.33,2.54,0,0,0,14,6,1,3129,3.81,1.36,5.8,57.2,9.2255,1.35
Hg,80,157,14.8,629.73,13.546,33.91,,2,58.5,2.295,12,2.99,234.28,6,8,0.138,8.3,223,132,133,1.9,10.44,61.38,,,150,205,270.5,253,0.085,3.00E-05,0.169,245,268,200.592,0.003,229,142,,79,0.34,74,76,12,200.592,10,2,234.32,2,0,0,0,14,6,0,629.73,0.67,1.32,5.36,7.8,10.4375,1.5
Tl,81,171,17.2,1730,11.85,50,0.377,3,162.4,4.31,13,3.46,576.6,6,7,0.128,46.1,196,145,144,1.8,,182.2,,190,190,220,434.7,259,0.85,1.90E-05,0.173447,247,509,204.38,,242,142,1861,85,2,78,81,13,204.38,10,2,577,1.62,0,1,0,14,6,5,1746,1.88,1.45,7.55,12.5,1.62,1.9
Pb,82,175,18.3,2013,11.35,47,0.35674316,4,177.8,4.77,14,4.95,600.65,6,7,0.159,35.3,202,146,144,1.8,10.97,195.2,,,,230,429.7,274,14,3.00E-05,0.177911,260,534,207.2,0.1,249,135,,91,3,82,82,14,207.2,10,2,600.61,2.33,0,2,0,14,6,4,2022,2.03,1.46,6.995,18.1,7.4166,1.8
Bi,83,170,21.3,1883,9.747,48,0.942362,5,172,11,15,4.75,544.5,6,7,0.124,7.9,207,148,151,1.9,11.9,209.6,,148,160,230,437,266,0.0085,2.00E-05,0.182377,254,513,208.9804,1.00E-05,250,141,,97,4,87,92,15,208.9804,10,2,544.4,2.02,0,3,0,14,6,3,1837,2.18,1.48,0.4,23.8,7.2855,1.6
Po,84,176,22.7,1235,9.32,44,1.9,6,102.9,10,16,3.35,527,6,5,0.125,,197,140,145,2,13,,,,190,,470.9,259,2.00E-10,1.50E-14,0.186842,,424,209,,250,135,1898,103,4,91,93,16,208.98243,10,2,527,2,0,4,0,14,6,2,1235,1.5,1.4,6.8,31,8.414,1.9
At,85,,,610,,42,2.8,7,,,17,,575,6,6,,,202,150,147,2.2,14.1,,,,,,475,251,,,0.19131,,351,210,,247,138,1940,110,4,96,98,17,209.98715,10,2,575,2.2,0,5,0,14,6,1,,,1.5,6,40,9.3175,
Rn,86,,,211.4,4.4,35,,8,18.1,,18,,202,6,2,0.094,0.0036,220,150,142,,15.4,,,,,,476.5,243,4.00E-13,6.00E-16,0.195772,240,408,222,,243,145,1898,117,2,6,6,18,222.01758,10,2,202,0,0,6,0,14,6,0,211.3,0.202,1.5,5.3,26,10.7485,
Fr,87,,,950,,317.8,0.486,1,,15,1,,300,7,3,,,348,260,223,0.7,,,,,,,490,364,,,0.08731,,,223,,258,218,1939,6,2.4,7,7,1,223.01974,0,1,,0.79,0,0,0,0,7,1,,,2.6,47.85,15,4.0727,
Ra,88,,45,1413,5.5,246,0.1,2,113,9.6,2,,973,7,4,0.12,,283,221,201,0.9,,159,,,215,,367.7,327,9.00E-07,8.90E-11,0.09789,,,226,,292,173,1898,10,4,13,13,2,226.02541,0,2,973,0.89,0,0,0,0,7,0,2010,1.66,2.21,38.3,19,5.2784,2.15
Ac,89,188,22.54,3470,,203,0.35,2,292.9,10.5,3,5.31,1320,7,10,,,247,215,186,1.1,,406,,,195,,347.8,308,5.50E-10,,0.10033,280,,227,,293,153,1899,14,12,48,33,3,227.02775,1,2,1323,1.1,0,0,9,0,7,9,3473,4.25,2.15,32.1,80,5.17,1.95
Th,90,180,19.8,5060,11.78,217,,2,513.7,16.11,,5.08,2028,7,10,0.113,,245,206,175,1.3,,602,,,180,240,339.6,274,9.6,1.00E-06,0.10277,293,,232.0377,0.0004,289,143,1828,16,54,47,34,3,232.0377,2,2,2023,1.3,0,0,8,0,7,8,5093,6.2,2.06,32.1,16.6,1.3,1.8
Pa,91,161,15,4300,15.37,154,,2,481.2,16.7,,3.92,2113,7,10,0.121,,243,200,169,1.5,,563,,,180,,342.4,264,1.40E-06,5.00E-11,0.12149,288,,231.03588,2.00E-05,285,138,1917,18,20,46,35,3,231.03588,1,2,1845,1.5,12,0,9,2,7,21,4273,,2,25.4,94,5.89,1.8
U,92,138,12.5,4018,19.05,129,,2,417,12.6,,2.85,1405.5,7,10,0.115,27.5,241,196,170,1.7,,533,,,175,230,339.5,252,2.7,0.0032,0.13207,271,,238.02891,3.00E-05,283,134,1789,20,17,45,36,3,238.02891,1,2,1408,1.38,11,0,9,3,7,20,4200,5.55,1.96,24.9,16.8,1.38,1.75
Np,93,130,21.1,4175,20.25,151,,2,336,9.6,,4.72,913,7,10,,,239,190,171,1.3,,464.8,,,175,,342.4,252,,,0.14265,282,,237,,280,136,1940,22,20,44,37,3,237.04817,1,2,917,1.36,10,0,9,4,7,19,4273,4.73,1.9,24.8,18,6.2657,1.75
Pu,94,151,,3505,19.84,132,,2,343.5,2.8,,,914,7,10,,,243,187,172,1.3,,345,,,175,,342.4,252,,,0.16137,281,,244,,278,135,1940,24,20,43,38,3,244.06421,0,2,913,1.28,8,0,0,6,7,8,3503,3.6,1.87,24.5,16,6.026,1.75
Am,95,173,20.8,2880,13.67,131,,2,238.5,10,,,1267,7,10,,,244,180,166,,,284,,,175,,338.1,,,,0.17194,283,,243,,276,135,1945,26,25,42,39,3,243.06138,0,2,1449,1.3,7,0,0,7,7,7,2284,2.73,1.8,23.3,16,5.9738,1.75
Cm,96,299,18.28,,13.51,144,,2,,,,,1340,7,10,,,245,169,166,,,386,,,,,332.6,,,,0.17439,305,,247,,276,136,1944,28,25,41,40,3,247.07035,1,2,1618,1.3,7,0,9,7,7,16,3383,3.99,1.69,23,16,5.9914,
Bk,97,297,,,13.25,125,,2,,,,,,7,10,,,244,,168,,,310,,,,,333.9,,,,0.19315,340,,247,,,139,1949,30,25,40,41,3,247.07031,0,2,1323,1.3,5,0,0,9,7,5,,,,22.7,16,6.1979,
Cf,98,295,,,15.1,122,,2,,,,,900,7,10,,,245,,168,,,196,,,,,331.3,,,,0.20369,305,,251,,,140,1950,32,20,39,42,3,251.07959,0,2,1173,1.3,4,0,0,10,7,4,,,,20.5,17,6.2817,
Es,99,292,,1130,,118,,2,,,,,,7,10,,,245,,165,,,133,,,,,329.9,,,,0.21427,270,,252,,,140,1952,34,20,38,43,3,252.083,0,2,1133,1.3,3,0,0,11,7,3,,,,19.7,17,6.42,
Fm,100,290,,,,113,,2,,,,,1800,7,10,,,245,,167,,,,,,,,328.6,,,,0.22485,,,257,,,,1953,36,20,37,44,3,257.09511,0,2,1800,1.3,2,0,0,12,7,2,,,,23.8,17,6.5,
Md,101,287,,,,109,,2,,,,,1100,7,10,,,246,,173,,,,,,,,327.4,,,,0.23542,,,258,,,139,1955,38,20,36,45,3,258.09843,0,2,1100,1.3,1,0,0,13,7,1,,,,18.2,17,6.58,
No,102,285,,,,110,,2,,,,,1100,7,10,,,246,,176,,,,,,,,324.8,,,,0.246,,,259,,,,1957,40,6,35,46,3,259.101,0,2,1100,1.3,0,0,0,14,7,0,,,,16.4,18,6.65,
Lr,103,282,,,,320,,3,,,,,,7,8,,,246,,161,,,,,,,,323.6,,,,0.24844,,,262,,,141,1961,42,20,34,47,3,,0,2,1900,,,1,,14,7,,,,,,,,
Rf,104,,,,,112,,,,,4,,,7,8,,,,,157,,,,,,,,,,,,,,,267,,,140,1969,46,10,,,,,,,,,,,,,,,,,,,,,
Db,105,,,,,42,,,,,5,,,7,8,,,,,149,,,,,,,,,,,,,,,268,,,136,1970,50,4,,,,,,,,,,,,,,,,,,,,,
Sg,106,,,,,40,,,,,6,,,7,8,,,,,143,,,,,,,,,,,,,,,271,,,128,1974,54,4,,,,,,,,,,,,,,,,,,,,,
Bh,107,,,,,38,,,,,7,,,7,8,,,,,141,,,,,,,,,,,,,,,274,,,128,1976,58,4,,,,,,,,,,,,,,,,,,,,,
Hs,108,,,,,36,,,,,8,,,7,8,,,,,134,,,,,,,,,,,,,,,269,,,125,1984,62,4,,,,,,,,,,,,,,,,,,,,,
Mt,109,,,,,34,,,,,9,,,7,8,,,,,129,,,,,,,,,,,,,,,276,,,125,1982,66,3,,,,,,,,,,,,,,,,,,,,,
Ds,110,,,,,32,,,,,10,,,7,8,,,,,128,,,,,,,,,,,,,,,281,,,116,1994,70,3,,,,,,,,,,,,,,,,,,,,,
Rg,111,,,,,32,,,,,11,,,7,8,,,,,121,,,,,,,,,,,,,,,281,,,116,1994,74,6,,,,,,,,,,,,,,,,,,,,,
Cn,112,,,,,28,,,,,12,,,7,8,,,,,122,,,,,,,,,,,,,,,285,,,137,1996,80,2,,,,,,,,,,,,,,,,,,,,,
Nh,113,,,,,29,,,,,13,,,7,7,,,,,136,,,,,,,,,,,,,,,286,,,,2015,86,2,,,,,,,,,,,,,,,,,,,,,
Fl,114,,,,,31,,,,,14,,,7,7,,,,,143,,,,,,,,,,,,,,,289,,,,1998,92,4,,,,,,,,,,,,,,,,,,,,,
Mc,115,,,,,71,,,,,15,,,7,7,,,,,162,,,,,,,,,,,,,,,288,,,,2003,98,20,,,,,,,,,,,,,,,,,,,,,
Lv,116,,,,,,,,,,16,,,7,7,,,,,175,,,,,,,,,,,,,,,293,,,,2000,104,,,,,,,,,,,,,,,,,,,,,,
Ts,117,,,,,76,,,,,17,,,7,6,,,,,165,,,,,,,,,,,,,,,294,,,,2010,111,15,,,,,,,,,,,,,,,,,,,,,
Og,118,,,,,58,0.056,,,,18,,,7,2,,,,,157,,,,,,,,,,,,,,,294,,,,2002,118,6,,,,,,,,,,,,,,,,,,,,,
